Country,Unique Owners,Unique Properties,Total Property Values,"GDP (current USD, 2018 or latest available - for coverage)",Total Property Value / GDP,Mean Property value,Median Property Value,Number of firms,Mean Age,Number with age variable,Born 1985 or later (34 or younger),Born 1959 or earlier (60 or older),Middle age (35 to 59),Female share,Number of females,Number with gender variable,Properties in Dubai Marina,Properties in Palm Jumeirah,Number of villas,Number of buildings,Share of total values owned by top 10% owners,Share of total values owned by top 10% persons,Share of total values owned by top 10% firms,Share of total values owned by top 1% owners,Share of total values owned by top 1% persons,Share of total values owned by top 1% firms
World,273871,883268,"USD 532,564,964,318",8.63E+13,0.62%,"USD 603,015","USD 212,081",8017,49.7,249831,30276,50278,169277,40%,108514,273813,41685,17186,58913,4114,80%,26%,51%,63%,13%,38%
Afghanistan,1134,3220,"USD 1,410,029,024",1.81E+10,7.81%,"USD 437,897","USD 252,006",0,45.4,1123,246,145,732,17%,191,1134,98,199,352,16,66%,66%,NaN,38%,38%,NaN
Albania,17,19,"USD 6,762,555",1.52E+10,0.04%,"USD 355,924","USD 325,745",0,40.4,16,4.9998,0,13,56%,9,16,4.9998,4.9998,4.9998,0,79%,79%,NaN,56%,56%,NaN
Algeria,790,1539,"USD 450,011,530",1.75E+11,0.26%,"USD 292,405","USD 196,108",0,48.8,787,86,123,578,29%,228,789,173,27,131,0,54%,54%,NaN,25%,25%,NaN
American Samoa,4.9998,9,"USD 10,082,724",6.39E+08,1.58%,"USD 1,120,303","USD 844,572",0,57.5,4.9998,0,4.9998,4.9998,,4.9998,4.9998,0,0,0,0,93%,93%,NaN,93%,93%,NaN
Andorra,4.9998,4.9998,"USD 243,222",3.22E+09,0.01%,NaN,NaN,0,54,4.9998,0,0,4.9998,,4.9998,4.9998,4.9998,0,0,0,100%,100%,NaN,100%,100%,NaN
Angola,35,113,"USD 27,196,278",1.01E+11,0.03%,"USD 240,675","USD 222,856",0,49.5,35,6,7,22,34%,12,35,10,0,4.9998,0,70%,70%,NaN,58%,58%,NaN
Antigua & Barbuda,14,35,"USD 125,462,366",1.61E+09,7.81%,"USD 3,584,639","USD 573,702",0,52.1,13,0,0,13,43%,6,14,0,0,9,0,86%,86%,NaN,80%,80%,NaN
Argentina,90,147,"USD 51,256,316",5.25E+11,0.01%,"USD 348,682","USD 217,929",0,42.3,90,20,4.9998,68,40%,36,90,15,10,26,0,44%,44%,NaN,10%,10%,NaN
Armenia,180,296,"USD 207,650,157",1.25E+10,1.67%,"USD 701,521","USD 242,296",0,49.5,179,18,33,128,37%,67,180,65,33,12,0,72%,72%,NaN,56%,56%,NaN
Australia,1806,2809,"USD 1,197,513,851",1.43E+12,0.08%,"USD 426,313","USD 273,738",4.9998,49.5,1760,125,279,1356,35%,635,1802,257,133,477,0,45%,45%,0%,18%,18%,0%
Austria,371,687,"USD 401,901,466",4.55E+11,0.09%,"USD 585,009","USD 320,988",6,51.3,351,34,73,244,34%,123,366,88,75,87,0,61%,59%,1%,31%,31%,1%
Azerbaijan,575,1583,"USD 741,250,431",4.71E+10,1.57%,"USD 468,257","USD 256,385",0,45.2,566,104,53,409,38%,217,573,264,93,94,4.9998,64%,64%,NaN,28%,28%,NaN
Bahamas,64,826,"USD 304,883,058",1.28E+10,2.37%,"USD 369,108","USD 244,748",63,53,4.9998,0,0,4.9998,98%,63,64,18,10,6,10,66%,0%,66%,23%,0%,23%
Bahrain,1059,3042,"USD 1,426,457,684",3.78E+10,3.77%,"USD 468,921","USD 266,635",8,53.1,1041,138,364,539,34%,356,1059,143,67,183,6,65%,53%,8%,33%,24%,8%
Bangladesh,459,972,"USD 314,783,309",2.74E+11,0.11%,"USD 323,851","USD 188,927",4.9998,50.3,457,42,97,318,27%,124,459,64,19,100,4.9998,55%,48%,8%,20%,14%,8%
Barbados,5,18,"USD 9,314,867",5.09E+09,0.18%,"USD 517,493","USD 325,854",4.9998,48,4.9998,4.9998,0,4.9998,,4.9998,5,4.9998,4.9998,0,0,72%,5%,72%,72%,5%,72%
Belarus,137,228,"USD 64,661,099",6.00E+10,0.11%,"USD 283,601","USD 184,791",0,43.3,136,26,6,104,64%,87,137,30,19,9,4.9998,55%,55%,NaN,32%,32%,NaN
Belgium,745,1511,"USD 593,019,034",5.43E+11,0.11%,"USD 392,468","USD 216,335",4.9998,49.8,711,59,133,519,37%,276,744,206,97,164,4.9998,52%,49%,4%,22%,20%,4%
Belize,21,42,"USD 25,280,495",1.92E+09,1.32%,"USD 601,917","USD 378,304",0,52.8,20,4.9998,7,10,50%,10,20,0,4.9998,6,0,57%,57%,NaN,36%,36%,NaN
Benin,10,17,"USD 4,822,471",1.43E+10,0.03%,"USD 283,675","USD 285,951",0,51.1,10,0,4.9998,8,,4.9998,10,4.9998,0,4.9998,0,23%,23%,NaN,23%,23%,NaN
Bermuda,4.9998,45,"USD 19,832,311",7.22E+09,0.27%,"USD 440,718","USD 132,736",0,46.3,4.9998,0,0,4.9998,,4.9998,4.9998,0,4.9998,4.9998,4.9998,98%,98%,NaN,98%,98%,NaN
Bhutan,11,12,"USD 4,583,258",2.45E+09,0.19%,"USD 381,938","USD 445,504",0,46.9,11,4.9998,4.9998,9,,4.9998,11,4.9998,0,5,0,38%,38%,NaN,17%,17%,NaN
Bolivia,5,5,"USD 1,033,388",4.03E+10,0.00%,"USD 206,678","USD 98,122",0,47.8,5,0,0,5,,4.9998,5,0,0,4.9998,0,70%,70%,NaN,70%,70%,NaN
Bosnia And Herzegovina,68,105,"USD 26,798,262",2.02E+10,0.13%,"USD 255,222","USD 185,587",0,52.1,68,9,17,42,40%,27,68,6,4.9998,26,0,34%,34%,NaN,6%,6%,NaN
Botswana,26,36,"USD 12,404,647",1.69E+10,0.07%,"USD 344,574","USD 271,641",0,58.5,25,0,10,15,36%,9,25,4.9998,4.9998,5,0,50%,50%,NaN,25%,25%,NaN
Brazil,253,323,"USD 137,597,331",1.92E+12,0.01%,"USD 425,998","USD 307,472",0,44.7,252,39,18,195,39%,99,252,24,20,80,0,41%,41%,NaN,14%,14%,NaN
British Virgin Islands,45,912,"USD 383,562,679",1.00E+09,38.36%,"USD 420,573","USD 246,430",44,47,4.9998,0,0,4.9998,100%,45,45,13,7,5,5,80%,0%,80%,49%,0%,49%
Brunei,13,17,"USD 3,756,692",1.36E+10,0.03%,"USD 220,982","USD 211,154",0,47.7,13,4.9998,4.9998,7,38%,5,13,4.9998,0,0,0,39%,39%,NaN,29%,29%,NaN
Bulgaria,247,384,"USD 143,361,443",6.64E+10,0.22%,"USD 373,337","USD 216,002",0,47.2,239,28,21,190,46%,112,241,60,20,46,0,53%,53%,NaN,21%,21%,NaN
Burkina Faso,6,10,"USD 2,189,583",1.59E+10,0.01%,"USD 218,958","USD 145,321",0,45.5,6,0,4.9998,5,,4.9998,6,0,0,0,0,67%,67%,NaN,67%,67%,NaN
Burundi,16,27,"USD 6,590,232",2.67E+09,0.25%,"USD 244,083","USD 118,806",0,54.9,16,0,5,11,38%,6,16,4.9998,4.9998,4.9998,0,60%,60%,NaN,51%,51%,NaN
Cambodia,4.9998,4.9998,"USD 37,506",2.46E+10,0.00%,NaN,NaN,0,41,4.9998,0,0,4.9998,,4.9998,4.9998,0,0,0,0,100%,100%,NaN,100%,100%,NaN
Cameroon,47,65,"USD 17,194,543",4.00E+10,0.04%,"USD 264,531","USD 155,370",4.9998,49.9,46,8,10,28,32%,15,47,9,0,4.9998,0,40%,40%,2%,17%,17%,2%
Canada,5694,11360,"USD 5,150,218,144",1.73E+12,0.30%,"USD 453,364","USD 239,122",10,51.4,5608,540,1375,3693,35%,1965,5686,949,261,1525,22,56%,56%,0%,26%,26%,0%
Cayman Islands,6,1142,"USD 565,389,111",5.52E+09,10.24%,"USD 495,087","USD 330,130",6,,0,0,0,0,100%,6,6,0,0,0,4.9998,40%,NaN,40%,40%,NaN,40%
Central African Republic,7,7,"USD 826,585",2.22E+09,0.04%,"USD 118,084","USD 98,881",0,52,7,0,4.9998,5,,4.9998,7,4.9998,0,0,0,61%,61%,NaN,61%,61%,NaN
Chad,11,22,"USD 14,101,518",1.12E+10,0.13%,"USD 640,978","USD 509,215",0,43.2,11,4.9998,0,8,,4.9998,11,4.9998,0,4.9998,0,46%,46%,NaN,27%,27%,NaN
Chile,27,47,"USD 23,466,863",2.98E+11,0.01%,"USD 499,295","USD 369,027",4.9998,43.3,19,4.9998,4.9998,15,75%,18,24,4.9998,4.9998,4.9998,0,105%,105%,7%,51%,51%,7%
China,5179,9018,"USD 2,735,116,465",1.39E+13,0.02%,"USD 303,295","USD 191,596",4.9998,42,5139,1373,194,3572,42%,2189,5168,284,87,1069,4.9998,53%,52%,0%,18%,18%,0%
Colombia,78,96,"USD 35,970,570",3.34E+11,0.01%,"USD 374,693","USD 288,962",0,46.1,78,12,7,59,46%,36,78,17,0,19,0,46%,46%,NaN,11%,11%,NaN
Comoros Islands,166,253,"USD 96,003,744",1.19E+09,8.07%,"USD 379,461","USD 199,552",0,42.6,166,45,15,106,25%,41,166,4.9998,4.9998,31,0,55%,55%,NaN,20%,20%,NaN
"Congo, Republic Of",17,30,"USD 12,957,190",1.37E+10,0.09%,"USD 431,906","USD 221,947",0,50.3,17,4.9998,4.9998,12,29%,5,17,4.9998,0,6,0,35%,35%,NaN,18%,18%,NaN
Cook Islands,4.9998,4.9998,"USD 678,340",5.20E+08,0.13%,NaN,NaN,4.9998,,0,0,0,0,,4.9998,4.9998,0,0,4.9998,0,100%,NaN,100%,100%,NaN,100%
Costa Rica,5,6,"USD 758,305",6.24E+10,0.00%,"USD 126,384","USD 141,630",0,44.4,5,4.9998,0,4.9998,,4.9998,5,0,0,0,0,28%,28%,NaN,28%,28%,NaN
Croatia,94,125,"USD 43,025,924",6.23E+10,0.07%,"USD 344,207","USD 233,595",0,45.6,94,19,14,61,44%,41,94,16,7,9,0,47%,47%,NaN,11%,11%,NaN
Cuba,4.9998,4.9998,"USD 613,523",1.00E+11,0.00%,NaN,NaN,0,40,4.9998,0,0,4.9998,,4.9998,4.9998,0,0,0,0,88%,88%,NaN,88%,88%,NaN
Cyprus,121,238,"USD 349,310,867",2.55E+10,1.37%,"USD 1,467,693","USD 390,725",5,47.9,112,18,17,77,31%,36,118,31,9,36,0,82%,78%,3%,65%,65%,3%
Czech Republic,158,224,"USD 89,288,837",2.49E+11,0.04%,"USD 398,611","USD 279,865",5,46.5,146,19,19,108,41%,64,157,35,37,22,0,44%,44%,1%,17%,17%,1%
"Democratic Rep, Of Congo",4.9998,4.9998,"USD 2,906,772",4.72E+10,0.01%,NaN,NaN,0,45,4.9998,0,0,4.9998,,0,4.9998,0,0,4.9998,0,96%,96%,NaN,96%,96%,NaN
Denmark,530,855,"USD 326,927,142",3.57E+11,0.09%,"USD 382,371","USD 247,832",23,49.9,483,31,69,383,35%,184,525,108,34,110,0,48%,43%,5%,13%,12%,2%
Djibouti,39,49,"USD 21,837,406",3.01E+09,0.72%,"USD 445,661","USD 284,328",0,52.4,38,4.9998,8,26,32%,12,38,8,0,5,0,40%,40%,NaN,17%,17%,NaN
Dominica,58,196,"USD 100,855,582",5.51E+08,18.32%,"USD 514,569","USD 320,047",0,48.5,54,7,5,42,17%,9,54,9,7,27,0,54%,54%,NaN,18%,18%,NaN
Dominican Republic,125,291,"USD 163,924,498",8.56E+10,0.19%,"USD 563,314","USD 326,994",0,45.3,117,23,11,83,15%,18,118,11,11,60,0,47%,47%,NaN,18%,18%,NaN
Ecuador,9,12,"USD 5,359,401",1.08E+11,0.00%,"USD 446,617","USD 522,794",0,44.8,9,0,0,9,56%,5,9,4.9998,0,4.9998,0,24%,24%,NaN,24%,24%,NaN
Egypt,6202,9484,"USD 3,442,276,051",2.50E+11,1.38%,"USD 362,956","USD 229,915",4.9998,46.8,6175,799,758,4618,25%,1548,6196,759,213,1252,19,49%,47%,2%,18%,17%,2%
El Salvador,4.9998,4.9998,"USD 1,226,562",2.60E+10,0.00%,NaN,NaN,0,41.7,4.9998,4.9998,0,4.9998,,4.9998,4.9998,0,0,0,0,50%,50%,NaN,50%,50%,NaN
Eritrea,83,192,"USD 93,537,128",2.07E+09,4.53%,"USD 487,173","USD 196,771",0,52.2,82,8,20,54,29%,24,82,6,4.9998,35,4.9998,46%,46%,NaN,13%,13%,NaN
Estonia,33,43,"USD 11,300,435",3.05E+10,0.04%,"USD 262,801","USD 180,772",0,42.5,31,7,0,24,58%,19,33,7,4.9998,6,0,42%,42%,NaN,16%,16%,NaN
Eswatini,53,75,"USD 26,142,868",4.67E+09,0.56%,"USD 348,572","USD 289,361",0,53.9,52,4.9998,14,35,34%,18,53,10,4.9998,12,0,38%,38%,NaN,13%,13%,NaN
Ethiopia,220,321,"USD 109,563,946",8.43E+10,0.13%,"USD 341,321","USD 218,954",0,50.6,220,15,37,168,32%,71,220,17,4.9998,46,0,40%,40%,NaN,10%,10%,NaN
Faroe Islands,4.9998,4.9998,"USD 147,244",3.05E+09,0.00%,NaN,NaN,0,53,4.9998,0,0,4.9998,,0,4.9998,0,0,0,0,100%,100%,NaN,100%,100%,NaN
Fiji,4.9998,4.9998,"USD 3,164,918",5.58E+09,0.06%,NaN,NaN,0,45.7,4.9998,0,0,4.9998,,4.9998,4.9998,0,0,4.9998,0,85%,85%,NaN,85%,85%,NaN
Finland,119,191,"USD 65,093,106",2.76E+11,0.02%,"USD 340,802","USD 267,176",4.9998,49.7,110,8,20,82,41%,49,119,36,14,23,0,38%,38%,1%,14%,14%,1%
Foreign Governmental Organisation,8,16,"USD 34,918,263",,,"USD 2,182,392","USD 1,395,278",4.9998,,0,0,0,0,100%,8,8,0,0,4.9998,0,32%,32%,4%,32%,32%,4%
France,3256,4924,"USD 1,959,122,490",2.79E+12,0.07%,"USD 397,872","USD 244,677",8,47.5,3161,396,445,2320,37%,1219,3252,725,179,571,0,48%,47%,0%,19%,19%,0%
Gabon,10,24,"USD 11,403,159",1.69E+10,0.07%,"USD 475,132","USD 323,586",0,42.5,10,4.9998,4.9998,4.9998,60%,6,10,0,0,4.9998,0,32%,32%,NaN,32%,32%,NaN
Gambia,4.9998,13,"USD 3,887,921",1.67E+09,0.23%,"USD 299,071","USD 302,579",0,55,4.9998,0,4.9998,4.9998,,0,4.9998,0,0,4.9998,0,71%,71%,NaN,71%,71%,NaN
Georgia,20,29,"USD 13,610,854",1.76E+10,0.08%,"USD 469,340","USD 260,700",0,49.7,20,0,4.9998,19,45%,9,20,4.9998,4.9998,4.9998,0,41%,41%,NaN,27%,27%,NaN
Germany,2109,4447,"USD 1,801,164,073",3.98E+12,0.05%,"USD 405,029","USD 218,138",10,51.7,2034,146,447,1441,33%,693,2103,427,206,557,4.9998,55%,48%,5%,25%,18%,5%
Ghana,107,175,"USD 50,991,657",6.73E+10,0.08%,"USD 291,381","USD 113,958",0,48.7,107,19,20,68,34%,36,107,23,0,6,0,64%,64%,NaN,23%,23%,NaN
Gibraltar,4.9998,132,"USD 127,170,093",3.00E+09,4.24%,"USD 963,410","USD 824,188",4.9998,,0,0,0,0,,4.9998,4.9998,0,0,0,0,100%,NaN,100%,100%,NaN,100%
Greece,517,1007,"USD 326,764,517",2.12E+11,0.15%,"USD 324,493","USD 179,620",4.9998,50.1,500,39,99,362,34%,176,513,168,41,107,4.9998,47%,46%,2%,17%,17%,2%
Grenada,13,39,"USD 18,664,657",1.17E+09,1.60%,"USD 478,581","USD 320,135",0,43.4,13,4.9998,4.9998,9,,4.9998,13,4.9998,6,4.9998,0,71%,71%,NaN,41%,41%,NaN
Guatemala,4.9998,4.9998,"USD 717,276",7.32E+10,0.00%,NaN,NaN,0,35.5,4.9998,4.9998,0,4.9998,,4.9998,4.9998,0,0,4.9998,0,77%,77%,NaN,77%,77%,NaN
Guernsey,8,19,"USD 12,116,270",4.00E+09,0.30%,"USD 637,698","USD 483,758",7,,0,0,0,0,100%,7,7,4.9998,5,4.9998,0,36%,,36%,36%,,36%
Guinea,9,17,"USD 13,340,972",1.19E+10,0.11%,"USD 784,763","USD 319,283",0,56.2,9,0,4.9998,5,,4.9998,9,4.9998,4.9998,4.9998,0,54%,54%,NaN,54%,54%,NaN
Guinea-Bissau,5,7,"USD 2,536,204",1.51E+09,0.17%,"USD 362,315","USD 182,523",0,38.2,5,4.9998,0,4.9998,,4.9998,5,0,0,4.9998,0,68%,68%,NaN,68%,68%,NaN
Guyana,4.9998,4.9998,"USD 2,053,722",4.79E+09,0.04%,NaN,NaN,0,63,4.9998,0,4.9998,0,,0,4.9998,0,0,0,0,100%,100%,NaN,100%,100%,NaN
Honduras,4.9998,4.9998,"USD 778,544",2.39E+10,0.00%,NaN,NaN,0,42.3,4.9998,0,0,4.9998,,4.9998,4.9998,0,0,4.9998,0,39%,39%,NaN,39%,39%,NaN
Hong Kong,72,186,"USD 64,696,102",3.62E+11,0.02%,"USD 347,829","USD 202,255",18,49.9,44,7,9,28,61%,42,69,8,16,13,0,56%,26%,22%,16%,12%,16%
Hungary,179,277,"USD 89,142,007",1.61E+11,0.06%,"USD 321,812","USD 214,398",4.9998,45.2,175,22,11,142,43%,76,178,43,18,31,0,41%,40%,3%,9%,9%,3%
Iceland,8,8,"USD 4,034,326",2.63E+10,0.02%,"USD 504,291","USD 495,347",0,55.3,8,0,4.9998,5,,4.9998,8,4.9998,4.9998,0,0,37%,37%,NaN,37%,37%,NaN
India,34876,68759,"USD 29,825,884,638",2.70E+12,1.10%,"USD 433,774","USD 212,846",21,48.6,34594,3566,5329,25699,35%,12155,34795,2824,863,9998,117,63%,52%,10%,33%,23%,9%
Indonesia,97,271,"USD 85,158,491",1.04E+12,0.01%,"USD 314,238","USD 179,886",0,47.1,95,7,7,81,45%,43,95,19,4.9998,30,0,78%,43%,37%,37%,9%,37%
Iran,8669,16703,"USD 7,028,738,307",2.94E+11,2.39%,"USD 420,807","USD 222,273",7,52.7,8201,683,2313,5205,36%,3085,8658,1418,360,1766,25,64%,62%,1%,31%,29%,1%
Iraq,2721,5383,"USD 2,593,462,500",2.27E+11,1.14%,"USD 481,788","USD 247,570",0,51.6,2714,252,656,1806,31%,847,2719,297,50,880,6,61%,61%,NaN,29%,29%,NaN
Ireland,1871,2647,"USD 881,663,879",3.85E+11,0.23%,"USD 333,080","USD 185,193",4.9998,52.5,1737,87,401,1249,39%,708,1827,294,111,338,4.9998,52%,51%,1%,17%,17%,1%
Isle Of Man,4.9998,4.9998,"USD 1,371,224",7.49E+09,0.02%,NaN,NaN,4.9998,,0,0,0,0,,4.9998,4.9998,0,0,0,0,54%,NaN,54%,54%,NaN,54%
Italy,2407,3700,"USD 1,130,245,242",2.09E+12,0.05%,"USD 305,472","USD 209,960",27,51.8,2259,164,506,1589,41%,983,2404,994,159,236,4.9998,45%,43%,2%,13%,12%,1%
Ivory Coast,21,34,"USD 8,593,277",5.80E+10,0.01%,"USD 252,743","USD 151,226",0,52.4,20,4.9998,5,14,,4.9998,21,4.9998,0,4.9998,0,46%,46%,NaN,19%,19%,NaN
Jamaica,16,17,"USD 4,848,632",1.57E+10,0.03%,"USD 285,214","USD 245,182",0,46.3,16,0,0,16,31%,5,16,4.9998,0,4.9998,0,29%,29%,NaN,16%,16%,NaN
Japan,186,357,"USD 136,625,164",5.04E+12,0.00%,"USD 382,704","USD 270,920",4.9998,50.4,174,13,29,132,50%,92,184,33,6,28,0,58%,55%,3%,21%,21%,3%
Jersey,7,18,"USD 18,769,999",5.60E+09,0.34%,"USD 1,042,778","USD 472,430",7,,0,0,0,0,100%,7,7,6,4.9998,4.9998,4.9998,41%,NaN,41%,41%,NaN,41%
Jordan,5555,13195,"USD 5,197,686,169",4.29E+10,12.11%,"USD 393,913","USD 188,578",4.9998,48,5529,586,822,4121,27%,1483,5552,545,169,1490,41,61%,58%,2%,31%,28%,2%
Kazakhstan,1550,2694,"USD 1,018,303,303",1.79E+11,0.57%,"USD 377,989","USD 231,468",0,48.4,1524,236,235,1053,49%,756,1548,456,301,99,4.9998,49%,49%,NaN,15%,15%,NaN
Kenya,762,1393,"USD 399,089,160",9.22E+10,0.43%,"USD 286,496","USD 151,198",0,52.9,757,59,210,488,37%,284,760,81,36,159,0,52%,52%,NaN,18%,18%,NaN
Kosovo,4.9998,4.9998,"USD 1,066,098",7.88E+09,0.01%,NaN,NaN,0,53.3,4.9998,0,0,4.9998,,4.9998,4.9998,4.9998,0,0,0,59%,59%,NaN,59%,59%,NaN
Kuwait,3444,8103,"USD 3,795,781,625",1.38E+11,2.75%,"USD 468,442","USD 181,851",7,51.3,3414,491,959,1964,39%,1343,3438,281,739,336,65,79%,51%,18%,53%,26%,18%
Kyrgistan,106,236,"USD 102,207,266",8.27E+09,1.24%,"USD 433,082","USD 275,105",0,44,103,19,10,74,50%,52,104,24,10,6,0,70%,70%,NaN,30%,30%,NaN
Latvia,96,170,"USD 65,526,530",3.44E+10,0.19%,"USD 385,450","USD 221,789",4.9998,50.9,87,8,20,59,49%,47,96,25,26,10,0,51%,49%,4%,15%,15%,4%
Lebanon,4495,7541,"USD 3,398,556,621",5.53E+10,6.15%,"USD 450,677","USD 259,953",4.9998,46,4479,574,486,3419,30%,1337,4489,481,183,1235,41,53%,53%,0%,23%,23%,0%
Lesotho,6,7,"USD 2,087,349",2.51E+09,0.08%,"USD 298,193","USD 197,084",0,40.6,5,4.9998,0,4.9998,,4.9998,5,0,0,0,0,85%,85%,NaN,85%,85%,NaN
Liberia,4.9998,7,"USD 1,898,511",3.42E+09,0.06%,"USD 271,216","USD 187,711",4.9998,43,4.9998,0,0,4.9998,,4.9998,4.9998,0,0,4.9998,0,59%,41%,59%,59%,41%,59%
Libya,402,1086,"USD 540,849,099",5.26E+10,1.03%,"USD 498,019","USD 261,379",0,51.9,401,34,100,267,27%,107,401,229,15,75,0,58%,58%,NaN,30%,30%,NaN
Liechtenstein,4.9998,14,"USD 3,826,395",6.84E+09,0.06%,"USD 273,314","USD 180,004",4.9998,54.5,4.9998,0,0,4.9998,,4.9998,4.9998,0,4.9998,0,0,68%,23%,68%,68%,23%,68%
Lithuania,104,144,"USD 36,493,973",5.37E+10,0.07%,"USD 253,430","USD 209,342",0,45.8,95,17,10,68,52%,51,98,38,4.9998,6,0,45%,40%,8%,13%,10%,8%
Luxembourg,45,72,"USD 27,803,885",7.13E+10,0.04%,"USD 386,165","USD 275,078",4.9998,54.4,39,4.9998,12,25,27%,12,44,22,6,9,0,40%,40%,3%,13%,13%,3%
Macao,4.9998,4.9998,"USD 302,629",5.53E+10,0.00%,NaN,NaN,0,45,4.9998,0,0,4.9998,,4.9998,4.9998,0,0,0,0,58%,58%,NaN,58%,58%,NaN
Macedonia,45,55,"USD 14,206,156",1.27E+10,0.11%,"USD 258,294","USD 195,301",0,45.9,44,4.9998,4.9998,37,42%,19,45,13,4.9998,4.9998,0,36%,36%,NaN,19%,19%,NaN
Madagascar,38,42,"USD 7,174,898",1.38E+10,0.05%,"USD 170,831","USD 86,501",0,46.2,38,9,4.9998,25,53%,20,38,4.9998,4.9998,4.9998,0,53%,53%,NaN,26%,26%,NaN
Malawi,29,84,"USD 18,259,680",9.88E+09,0.18%,"USD 217,377","USD 151,888",0,52.8,29,4.9998,4.9998,23,,4.9998,29,4.9998,0,4.9998,0,53%,53%,NaN,21%,21%,NaN
Malaysia,389,609,"USD 218,386,105",3.59E+11,0.06%,"USD 358,598","USD 234,270",4.9998,47.7,387,31,50,306,41%,158,389,39,10,110,4.9998,44%,40%,3%,11%,10%,3%
Maldives,17,27,"USD 12,127,150",5.30E+09,0.23%,"USD 449,154","USD 269,973",0,55.9,17,0,6,11,,4.9998,17,4.9998,4.9998,4.9998,0,52%,52%,NaN,34%,34%,NaN
Mali,13,21,"USD 10,318,570",1.71E+10,0.06%,"USD 491,360","USD 486,601",0,49.8,13,4.9998,4.9998,6,,4.9998,13,4.9998,0,4.9998,0,59%,59%,NaN,50%,50%,NaN
Malta,111,471,"USD 252,911,034",1.49E+10,1.70%,"USD 536,966","USD 272,010",22,49.1,87,8,15,64,57%,63,110,12,18,47,4.9998,77%,15%,50%,42%,4%,24%
Mauritania,24,28,"USD 9,176,369",7.35E+09,0.12%,"USD 327,727","USD 219,435",0,53.8,24,4.9998,5,16,,4.9998,24,4.9998,0,4.9998,0,40%,40%,NaN,19%,19%,NaN
Mauritius,102,149,"USD 46,262,530",1.42E+10,0.33%,"USD 310,487","USD 185,041",4.9998,48.6,98,15,19,64,49%,49,101,20,4.9998,14,0,52%,31%,16%,23%,6%,16%
Mexico,90,140,"USD 66,885,500",1.22E+12,0.01%,"USD 477,754","USD 395,806",0,45.5,89,13,7,69,39%,35,89,17,14,19,0,50%,50%,NaN,32%,32%,NaN
Moldova,39,55,"USD 14,476,265",1.15E+10,0.13%,"USD 263,205","USD 191,224",0,41.2,38,13,4.9998,22,67%,26,39,8,4.9998,4.9998,0,41%,41%,NaN,19%,19%,NaN
Monaco,4.9998,4.9998,"USD 1,573,848",7.19E+09,0.02%,NaN,NaN,0,61,4.9998,0,4.9998,4.9998,,4.9998,4.9998,0,4.9998,0,0,36%,36%,NaN,36%,36%,NaN
Mongolia,4.9998,7,"USD 683,138",1.32E+10,0.01%,"USD 97,591","USD 83,078",0,43.5,4.9998,4.9998,0,4.9998,,4.9998,4.9998,4.9998,0,0,0,30%,30%,NaN,30%,30%,NaN
Montenegro,11,16,"USD 7,470,339",5.50E+09,0.14%,"USD 466,896","USD 244,065",0,45.5,11,4.9998,4.9998,7,45%,5,11,4.9998,0,4.9998,0,67%,67%,NaN,61%,61%,NaN
Morocco,664,1443,"USD 521,248,903",1.18E+11,0.44%,"USD 361,226","USD 200,530",0,44.7,660,114,47,499,53%,353,664,109,28,144,4.9998,57%,57%,NaN,26%,26%,NaN
Mozambique,67,359,"USD 78,444,944",1.49E+10,0.53%,"USD 218,510","USD 134,717",0,47.9,67,9,8,50,28%,19,67,5,4.9998,13,5,68%,68%,NaN,22%,22%,NaN
Myanmar,18,19,"USD 4,327,004",6.71E+10,0.01%,"USD 227,737","USD 177,607",0,49.9,18,4.9998,4.9998,13,,4.9998,18,0,0,4.9998,0,34%,34%,NaN,19%,19%,NaN
Namibia,4.9998,10,"USD 2,129,521",1.37E+10,0.02%,"USD 212,952","USD 106,549",0,49.8,4.9998,0,0,4.9998,,0,4.9998,0,0,4.9998,0,35%,35%,NaN,35%,35%,NaN
Nepal,83,137,"USD 222,973,199",3.31E+10,0.67%,"USD 1,627,542","USD 205,319",0,48,82,10,11,61,24%,20,82,4.9998,5,19,0,87%,87%,NaN,70%,70%,NaN
Netherlands,1051,1721,"USD 765,740,942",9.14E+11,0.08%,"USD 444,940","USD 309,630",5,49.5,1024,138,181,705,35%,362,1049,171,120,235,0,50%,49%,1%,18%,18%,1%
New Zealand,470,642,"USD 260,075,153",2.12E+11,0.12%,"USD 405,101","USD 258,345",4.9998,49.7,462,40,72,350,34%,160,468,69,19,138,0,43%,43%,0%,12%,12%,0%
Nicaragua,4.9998,4.9998,"USD 788,407",1.30E+10,0.01%,NaN,NaN,0,54.5,4.9998,0,4.9998,4.9998,,4.9998,4.9998,0,0,0,0,97%,97%,NaN,97%,97%,NaN
Niger,28,46,"USD 20,313,746",1.28E+10,0.16%,"USD 441,603","USD 336,418",0,56.7,27,0,10,17,33%,9,27,4.9998,0,4.9998,0,45%,45%,NaN,18%,18%,NaN
Nigeria,1215,1981,"USD 568,370,283",3.97E+11,0.14%,"USD 286,911","USD 156,097",0,54.6,1210,82,367,761,32%,387,1213,265,23,78,0,57%,57%,0%,24%,24%,0%
North Korea,24,30,"USD 13,741,927",4.00E+10,0.03%,"USD 458,064","USD 401,826",0,55.3,21,4.9998,6,14,29%,6,21,7,4.9998,4.9998,0,48%,48%,NaN,30%,30%,NaN
Norway,262,363,"USD 121,500,170",4.37E+11,0.03%,"USD 334,711","USD 208,199",4.9998,52.1,248,23,63,162,32%,83,262,42,14,49,0,40%,39%,1%,9%,9%,1%
Oman,1275,3845,"USD 2,168,604,777",9.15E+10,2.37%,"USD 564,006","USD 176,306",4.9998,51,1267,187,354,726,31%,398,1272,82,37,183,6,77%,45%,32%,56%,24%,32%
Pakistan,19662,38907,"USD 10,631,637,135",3.15E+11,3.38%,"USD 273,258","USD 136,698",7,49.3,19442,2429,4083,12930,29%,5734,19620,1360,303,3689,99,58%,58%,0%,23%,23%,0%
Palestine,1252,2788,"USD 887,521,793",1.63E+10,5.45%,"USD 318,336","USD 163,682",0,48.3,1241,168,272,801,27%,330,1243,89,11,250,16,60%,60%,NaN,25%,25%,NaN
Panama,9,33,"USD 13,085,666",6.49E+10,0.02%,"USD 396,535","USD 295,339",4.9998,54.3,6,4.9998,4.9998,4.9998,56%,5,9,0,0,4.9998,0,58%,5%,58%,58%,5%,58%
Papua New Guinea,4.9998,4.9998,"USD 2,158,496",2.41E+10,0.01%,NaN,NaN,0,36,4.9998,4.9998,0,4.9998,,0,4.9998,0,0,4.9998,0,46%,46%,NaN,46%,46%,NaN
Paraguay,4.9998,4.9998,"USD 1,113,534",4.02E+10,0.00%,NaN,NaN,0,48.7,4.9998,0,0,4.9998,,4.9998,4.9998,0,0,0,0,62%,62%,NaN,62%,62%,NaN
Peru,13,18,"USD 5,726,711",2.23E+11,0.00%,"USD 318,151","USD 210,692",0,52.5,12,0,4.9998,9,42%,5,12,4.9998,4.9998,4.9998,0,43%,26%,29%,29%,14%,29%
Philippines,347,449,"USD 129,296,296",3.47E+11,0.04%,"USD 287,965","USD 166,167",0,45.8,345,26,23,296,64%,223,346,24,4.9998,56,0,47%,47%,NaN,17%,17%,NaN
Poland,300,459,"USD 154,368,306",5.87E+11,0.03%,"USD 336,314","USD 230,846",0,46.7,296,34,45,217,52%,155,300,63,27,54,0,50%,50%,NaN,22%,22%,NaN
Portugal,351,819,"USD 238,247,363",2.42E+11,0.10%,"USD 290,900","USD 186,881",4.9998,48.4,343,50,65,228,35%,124,351,165,18,67,0,55%,53%,2%,25%,25%,2%
Puerto Rico,15,31,"USD 31,532,535",1.01E+11,0.03%,"USD 1,017,179","USD 791,651",4.9998,55.7,12,4.9998,6,4.9998,,4.9998,15,4.9998,4.9998,4.9998,0,55%,55%,3%,43%,43%,3%
Qatar,1750,4624,"USD 2,134,427,100",1.83E+11,1.16%,"USD 461,598","USD 262,423",4.9998,50.4,1692,260,391,1041,37%,638,1747,60,45,159,10,77%,69%,5%,48%,41%,5%
Romania,317,459,"USD 218,712,527",2.42E+11,0.09%,"USD 476,498","USD 185,154",0,43,315,69,14,232,57%,181,316,31,25,47,0,67%,67%,NaN,50%,50%,NaN
Russia,5381,9755,"USD 3,344,037,747",1.66E+12,0.20%,"USD 342,802","USD 213,468",27,49.2,5052,612,865,3575,46%,2493,5376,1625,944,354,4.9998,54%,52%,1%,19%,18%,1%
Rwanda,27,100,"USD 23,135,392",9.64E+09,0.24%,"USD 231,354","USD 122,419",0,51.1,26,4.9998,4.9998,18,38%,10,26,8,4.9998,5,0,65%,65%,NaN,32%,32%,NaN
Saint Kitts And Nevis,441,2060,"USD 1,519,188,387",1.08E+09,140.80%,"USD 737,470","USD 279,549",35,49.1,404,39,59,306,26%,113,439,130,71,192,4.9998,64%,60%,4%,31%,31%,2%
Saint Lucia,4.9998,4.9998,"USD 401,218",2.07E+09,0.02%,NaN,NaN,0,41,4.9998,0,0,4.9998,,0,4.9998,0,0,0,0,100%,100%,NaN,100%,100%,NaN
Saint Vincent & The Grenadines,4.9998,4.9998,"USD 2,232,975",8.11E+08,0.28%,NaN,NaN,0,57.5,4.9998,0,0,4.9998,,4.9998,4.9998,4.9998,0,4.9998,0,66%,66%,NaN,66%,66%,NaN
Samoa,4.9998,77,"USD 15,692,140",8.21E+08,1.91%,"USD 203,794","USD 180,625",4.9998,,0,0,0,0,,4.9998,4.9998,0,0,0,4.9998,100%,NaN,100%,100%,NaN,100%
San Marino,4.9998,4.9998,"USD 1,402,703",1.66E+09,0.08%,NaN,NaN,0,56,4.9998,0,0,4.9998,,4.9998,4.9998,0,0,0,0,52%,52%,NaN,52%,52%,NaN
Saudi Arabia,9875,23725,"USD 9,782,216,629",7.87E+11,1.24%,"USD 412,317","USD 232,453",18,51.8,9764,1103,2652,6009,31%,3080,9869,2277,316,1083,44,62%,60%,2%,32%,30%,1%
Senegal,27,59,"USD 39,705,766",2.31E+10,0.17%,"USD 672,979","USD 648,068",0,52.2,27,4.9998,8,17,,4.9998,27,5,4.9998,6,0,69%,69%,NaN,33%,33%,NaN
Serbia,237,287,"USD 74,145,316",5.06E+10,0.15%,"USD 258,346","USD 197,750",0,44.1,237,41,19,177,42%,99,237,33,8,33,0,32%,32%,NaN,9%,9%,NaN
Seychelles,66,353,"USD 293,254,533",1.55E+09,18.94%,"USD 830,749","USD 618,288",17,48.4,49,7,7,35,52%,34,66,17,5,118,0,83%,42%,39%,37%,37%,36%
Sierra Leone,13,68,"USD 26,020,787",4.09E+09,0.64%,"USD 382,659","USD 245,868",0,52.6,12,0,4.9998,9,,4.9998,12,9,0,10,0,83%,83%,NaN,77%,77%,NaN
Singapore,603,1045,"USD 560,047,951",3.76E+11,0.15%,"USD 535,931","USD 257,271",6,52,578,31,126,421,44%,264,600,86,15,145,4.9998,63%,59%,2%,37%,35%,2%
Slovakia,133,362,"USD 487,528,904",1.06E+11,0.46%,"USD 1,346,765","USD 243,081",23,44.9,102,16,7,79,56%,73,131,12,7,23,4.9998,88%,8%,76%,74%,4%,66%
Slovenia,46,56,"USD 26,386,351",5.41E+10,0.05%,"USD 471,185","USD 369,793",0,47.5,46,7,9,30,35%,16,46,14,5,6,0,43%,43%,NaN,14%,14%,NaN
Somalia,39,56,"USD 12,705,948",5.85E+09,0.22%,"USD 226,892","USD 187,224",0,57.1,39,4.9998,15,21,46%,18,39,0,0,6,0,35%,35%,NaN,12%,12%,NaN
South Africa,1444,2337,"USD 739,180,760",4.05E+11,0.18%,"USD 316,295","USD 222,008",4.9998,49.4,1419,149,231,1039,34%,494,1439,202,50,351,4.9998,40%,40%,0%,12%,12%,0%
South Korea,323,473,"USD 192,493,396",1.73E+12,0.01%,"USD 406,963","USD 329,300",4.9998,48.3,305,28,50,227,43%,139,321,51,9,47,0,45%,45%,1%,16%,16%,1%
Southern Sudan,8,20,"USD 9,043,319",1.20E+10,0.08%,"USD 452,166","USD 454,346",0,51.6,8,4.9998,4.9998,5,,4.9998,8,7,0,4.9998,0,43%,43%,NaN,43%,43%,NaN
Spain,527,695,"USD 274,338,500",1.42E+12,0.02%,"USD 394,732","USD 294,417",4.9998,47.2,497,51,59,387,39%,204,525,131,38,103,0,40%,40%,0%,12%,12%,0%
Sri Lanka,408,590,"USD 205,468,830",8.80E+10,0.23%,"USD 348,252","USD 219,445",0,49,408,40,63,305,34%,138,408,23,4.9998,126,4.9998,51%,51%,NaN,19%,19%,NaN
Sudan,1866,3130,"USD 941,521,903",3.10E+10,3.04%,"USD 300,806","USD 183,245",0,51.6,1862,179,535,1148,28%,523,1865,99,16,291,4.9998,51%,51%,NaN,19%,19%,NaN
Sweden,852,1439,"USD 628,300,486",5.56E+11,0.11%,"USD 436,623","USD 222,236",4.9998,50.4,817,81,169,567,33%,284,850,196,62,186,4.9998,59%,58%,1%,30%,30%,1%
Switzerland,682,1049,"USD 518,819,921",7.36E+11,0.07%,"USD 494,585","USD 330,630",43,53.6,611,35,165,411,38%,260,680,176,65,132,4.9998,42%,32%,5%,8%,7%,1%
Syria,4484,9573,"USD 2,976,197,188",4.04E+10,7.37%,"USD 310,895","USD 167,268",0,47.7,4470,560,659,3251,29%,1292,4475,592,72,642,27,61%,60%,1%,32%,32%,1%
Taiwan,31,74,"USD 46,710,702",5.90E+11,0.01%,"USD 631,226","USD 545,746",4.9998,44.4,28,6,4.9998,21,58%,18,31,5,26,4.9998,0,80%,7%,58%,58%,3%,58%
Tajikistan,110,342,"USD 122,053,250",7.77E+09,1.57%,"USD 356,881","USD 138,098",0,43.6,110,32,7,71,37%,41,110,40,12,14,4.9998,69%,69%,NaN,34%,34%,NaN
Tanzania,407,805,"USD 237,117,227",5.70E+10,0.42%,"USD 294,556","USD 186,251",0,51.9,406,42,100,264,31%,125,406,47,7,84,0,51%,51%,NaN,14%,14%,NaN
Thailand,89,252,"USD 130,243,044",5.07E+11,0.03%,"USD 516,837","USD 443,851",4.9998,46.4,87,6,9,72,62%,55,89,10,4.9998,36,4.9998,77%,24%,54%,54%,5%,54%
Togo,4.9998,5,"USD 569,992",7.11E+09,0.01%,"USD 113,998","USD 111,946",0,56.8,4.9998,0,4.9998,4.9998,,4.9998,4.9998,4.9998,0,0,0,50%,50%,NaN,50%,50%,NaN
Trinidad & Tobago,14,15,"USD 5,524,217",2.37E+10,0.02%,"USD 368,281","USD 238,159",0,46.2,13,4.9998,0,12,50%,7,14,0,0,4.9998,0,31%,31%,NaN,18%,18%,NaN
Tunisia,431,655,"USD 224,459,515",4.26E+10,0.53%,"USD 342,686","USD 220,263",0,47.2,429,35,53,341,39%,168,430,70,16,90,4.9998,44%,44%,NaN,12%,12%,NaN
Turkey,974,1589,"USD 720,250,167",7.79E+11,0.09%,"USD 453,273","USD 262,428",4.9998,45,944,121,52,771,31%,300,974,170,77,248,4.9998,53%,53%,0%,21%,21%,0%
Turkmenistan,215,361,"USD 124,595,200",4.08E+10,0.31%,"USD 345,139","USD 258,081",0,43.7,213,38,10,165,32%,68,214,76,11,14,0,41%,41%,NaN,10%,10%,NaN
Turks And Caicos Islands,4.9998,5,"USD 2,993,694",1.11E+09,0.27%,"USD 598,739","USD 649,319",4.9998,,0,0,0,0,,4.9998,4.9998,4.9998,0,0,0,100%,NaN,100%,100%,NaN,100%
USA,5085,8808,"USD 3,020,718,453",2.06E+13,0.01%,"USD 342,952","USD 209,824",15,52.6,4925,425,1295,3205,37%,1869,5063,995,253,968,8,49%,46%,2%,16%,14%,2%
Uganda,63,141,"USD 37,455,516",3.29E+10,0.11%,"USD 265,642","USD 162,622",0,52.1,61,5,20,36,33%,21,63,17,4.9998,5,0,56%,56%,NaN,17%,17%,NaN
Ukraine,621,961,"USD 323,839,242",1.31E+11,0.25%,"USD 336,982","USD 203,528",4.9998,44.9,617,131,46,440,53%,332,621,167,67,64,0,51%,50%,0%,17%,17%,0%
United Arab Emirates,63438,427538,"USD 287,245,899,176",4.22E+11,68.04%,"USD 671,861","USD 211,542",1966,49.9,58069,9348,12934,35787,41%,26009,63224,9927,5733,14301,2495,85%,19%,62%,73%,10%,37%
United Kingdom,23136,40129,"USD 14,673,449,357",2.90E+12,0.51%,"USD 365,657","USD 197,763",132,52,22052,1503,5238,15311,39%,8948,23065,4168,1781,5044,38,55%,52%,3%,24%,22%,2%
Unknown Background (Firm),5438,61289,"USD 92,315,584,119",,,"USD 1,506,234","USD 285,122",5335,,0,0,0,0,100%,5335,5335,2630,1175,3321,894,94%,NaN,94%,73%,NaN,73%
Unknown Background (Person),14403,19965,"USD 6,829,582,825",,,"USD 342,078","USD 190,274",0,53.2,4631,208,1244,3179,75%,10662,14190,1378,439,867,27,59%,59%,NaN,32%,32%,NaN
Uruguay,11,18,"USD 4,375,482",6.45E+10,0.01%,"USD 243,082","USD 246,412",0,41.5,11,4.9998,0,8,82%,9,11,10,0,4.9998,0,64%,64%,NaN,34%,34%,NaN
Uzbekistan,472,780,"USD 306,814,520",5.26E+10,0.58%,"USD 393,352","USD 243,717",4.9998,42.9,466,100,37,329,46%,218,469,92,53,63,0,51%,51%,0%,16%,16%,0%
Vanuatu,4.9998,4.9998,"USD 910,394",9.15E+08,0.10%,NaN,NaN,0,49,4.9998,0,0,4.9998,,0,4.9998,0,0,0,0,100%,100%,NaN,100%,100%,NaN
Venezuela,77,104,"USD 45,244,832",4.82E+11,0.01%,"USD 435,046","USD 267,746",0,45.4,77,8,4.9998,65,29%,22,77,9,0,14,0,45%,45%,NaN,9%,9%,NaN
Vietnam,22,25,"USD 7,910,712",2.45E+11,0.00%,"USD 316,429","USD 320,063",0,42.7,22,4.9998,4.9998,18,68%,15,22,7,4.9998,4.9998,0,31%,31%,NaN,13%,13%,NaN
Yemen,965,3630,"USD 1,043,509,028",2.16E+10,4.83%,"USD 287,468","USD 162,415",0,49.4,962,124,202,636,25%,243,965,133,45,259,12,67%,67%,NaN,34%,34%,NaN
Zambia,65,95,"USD 19,746,787",2.63E+10,0.08%,"USD 207,861","USD 168,948",0,52.4,65,4.9998,14,49,29%,19,65,4.9998,0,5,0,39%,39%,NaN,12%,12%,NaN
Zimbabwe,83,127,"USD 38,475,874",1.81E+10,0.21%,"USD 302,960","USD 162,415",0,48.6,83,5,10,68,24%,20,83,5,4.9998,19,0,45%,45%,NaN,9%,9%,NaN